{"cameraMode":{"drawMode":0,"name":"Shaded","section":"Shading Mode"},"sceneLighting":true,"audioPlay":false,"sceneViewState":{"showFog":true,"showMaterialUpdate":false,"showSkybox":true,"showFlares":true,"showImageEffects":true,"showParticleSystems":true},"in2DMode":false,"pivot":{"x":-3.844846248626709,"y":-0.8321471214294434,"z":1.968971848487854},"rotation":{"x":0.1407337337732315,"y":-0.45565932989120486,"z":0.07321274280548096,"w":0.875904381275177},"size":22.0,"orthographic":false}